<?xml version="1.0" encoding="Windows-1252" ?>
<XML_DIZ_INFO>
<MASTER_PAD_VERSION_INFO>
    <MASTER_PAD_VERSION>1.10</MASTER_PAD_VERSION>
    <MASTER_PAD_INFO>Portable Application Description, or PAD for short, is a data set that is used by shareware authors to disseminate information to anyone interested in their software products. To find out more go to http://www.asp-shareware.org/pad</MASTER_PAD_INFO>
</MASTER_PAD_VERSION_INFO>
<Company_Info>
        <Company_Name>Nu-Ware</Company_Name>
        <Address_1>Llanoris</Address_1>
        <Address_2>Llanerfyl</Address_2>
        <City_Town>Welshpool</City_Town>
        <State_Province>Powys</State_Province>
        <Zip_Postal_Code>SY21 0EP</Zip_Postal_Code>
        <Country>United Kingdom</Country>
        <Company_WebSite_URL>http://www.Nu-Ware.com</Company_WebSite_URL>
<Contact_Info>
        <Author_First_Name>Tony</Author_First_Name>
        <Author_Last_Name>Lacy</Author_Last_Name>
        <Author_Email>TonyLacy@Nu-Ware.com</Author_Email>
        <Contact_First_Name>Tony</Contact_First_Name>
        <Contact_Last_Name>Lacy</Contact_Last_Name>
        <Contact_Email>TonyLacy@Nu-Ware.com</Contact_Email>
    </Contact_Info>
<Support_Info>
        <Sales_Email>Sales@Nu-Ware.com</Sales_Email>
        <Support_Email>Support@Nu-Ware.com</Support_Email>
        <General_Email>TonyLacy@Nu-Ware.com</General_Email>
        <Sales_Phone />
        <Support_Phone />
        <General_Phone />
        <Fax_Phone />
    </Support_Info>
</Company_Info>
<Program_Info>
        <Program_Name>NuMorse</Program_Name>
        <Program_Version>1.90</Program_Version>
        <Program_Release_Month>06</Program_Release_Month>
        <Program_Release_Day>16</Program_Release_Day>
        <Program_Release_Year>2001</Program_Release_Year>
        <Program_Cost_Dollars>29</Program_Cost_Dollars>
        <Program_Cost_Other>20 UK Pounds</Program_Cost_Other>
        <Program_Type>Shareware</Program_Type>
        <Program_Release_Status>Minor Update</Program_Release_Status>
        <Program_Install_Support>Install and Uninstall</Program_Install_Support>
        <Program_OS_Support>Win 3.1x,Win95,Win98,WinME,WinNT 3.x,WinNT 4.x,Windows2000</Program_OS_Support>
        <Program_Language>English</Program_Language>
        <Program_Change_Info>Help file changes</Program_Change_Info>
        <Program_System_Requirements>Windows, 16Mbytes Ram, HD, SVGA, SoundBoard recommended</Program_System_Requirements>
        <Program_Specific_Category>Home/Hobby</Program_Specific_Category>
        <Program_Categories>Ham radio, Educational, Electronics</Program_Categories>
<File_Info>
        <Filename_Versioned>NuMors19.zip</Filename_Versioned>
        <Filename_Previous>NuMors18.zip</Filename_Previous>
        <Filename_Generic>NuMors.zip</Filename_Generic>
        <Filename_Long>NuMorse for Windows</Filename_Long>
        <File_Size_Bytes>1000470</File_Size_Bytes>
        <File_Size_K>977</File_Size_K>
        <File_Size_MB>0.98</File_Size_MB>
    </File_Info>
<Expire_Info>
        <Has_Expire_Info>Y</Has_Expire_Info>
        <Expire_Count>30</Expire_Count>
        <Expire_Based_On>Uses</Expire_Based_On>
        <Expire_Other_Info>Will issue warnings but not expire.</Expire_Other_Info>
        <Expire_Month />
        <Expire_Day />
        <Expire_Year />
    </Expire_Info>
        <Includes_JAVA_VM>N</Includes_JAVA_VM>
        <Includes_VB_Runtime>N</Includes_VB_Runtime>
        <Includes_DirectX>N</Includes_DirectX>
</Program_Info>
<Program_Descriptions>
<English>
        <Keywords>Morse,code,trainer,NuMorse,ham,radio,ASP,G4AUD,Nu-Ware,NuWare,Amateur,cw</Keywords>
        <Char_Desc_45>Morse code trainer for Windows</Char_Desc_45>
        <Char_Desc_80>Morse code trainer for Windows, useful to Novice and Expert. Can use soundcard.</Char_Desc_80>
        <Char_Desc_250>Morse code trainer for Windows, useful to Novice and Expert. Output via soundcard, PC speaker, hardware port (for driving oscillator or transmitter) or semaphor window. Code sources include QSO generator, random text and text files.</Char_Desc_250>
        <Char_Desc_450>Morse code trainer for Windows, useful to Novice and Expert. Output via soundcard, PC speaker, hardware port (for driving oscillator or transmitter) or semaphor window. Code sources include QSO generator, random text and text files. NuMorse can take you from complete beginner right up to code expert. Hundreds of people have used this program to pass the ham radio code test first time.</Char_Desc_450>
        <Char_Desc_2000>Morse code trainer for Windows, useful to Novice and Expert. Output via soundcard, PC speaker, hardware port (for driving oscillator or transmitter) or semaphor window. Code sources include a realistic QSO generator, random text and text files. NuMorse can take you from complete beginner right up to code expert. Hundreds of people have used this program to pass the ham radio code test first time. If you have tried to learn code before without success then the intiutive user interface of Numorse might be just what you need. Here are a few more features to give you an idea of the breadth of this program.  Alter code style to improve clarity. Full Prosign support included.  Performance statistics gathered. Several modes supported that perform character guessing drills. You guess the character and NuMorse responds in various ways including a phonetic speech correction.  The program can be set  to speed up and slow down in response to your performance.</Char_Desc_2000>
</English>
</Program_Descriptions>
<Web_Info>
<Application_URLs>
        <Application_Info_URL>http://www.nu-ware.com</Application_Info_URL>
        <Application_Order_URL>http://www.nstarsolutions.com/160.htm</Application_Order_URL>
        <Application_Screenshot_URL>http://www.nu-ware.com/images/NmGrab01.gif</Application_Screenshot_URL>
        <Application_Icon_URL>http://www.nu-ware.com/images/NMlog05.gif</Application_Icon_URL>
        <Application_XML_File_URL>http://www.nu-ware.com/PAD/NuMors.xml</Application_XML_File_URL>
    </Application_URLs>
<Download_URLs>
        <Primary_Download_URL>http://www.nu-ware.com/download/NuMors.zip</Primary_Download_URL>
        <Secondary_Download_URL>http://homepage.ntlworld.com/a.lacy/NuMors.zip</Secondary_Download_URL>
        <Additional_Download_URL_1 />
        <Additional_Download_URL_2 />
    </Download_URLs>
</Web_Info>
<Permissions>
        <Distribution_Permissions>Must be distributed unmodified, package may be recompressed to suit distribution requirements.

Means of distribution not restricted.

Vendors fees are for media and distribution only.

Can be included in any software compilation.</Distribution_Permissions>
        <EULA>NuMorse for Windows is not free software.  You are hereby licensed to use the evaluation version of NuMorse 
according to the terms of this license to determine its&apos; suitability to your needs. Unregistered use of the
software after this period is a violation of U.S. and international copyright laws.

The author shall designate licensees of the software by either issuing an acknowledgent to the licensee 
that a registration fee has been paid or by  any other appropriate means and at his discretion.

For self-training or study purposes one registered copy of NuMorse may either be used by a single
licensee on one or more computers OR by more than one person (with permission from the licensee)
on the same computer, but at different times.  It may not be used in more than one location at the
same time unless prior permission has been granted by the author.

Permission is hereby granted for registered copies of NuMorse to be used for setting and grading 
of examinations of third parties under supervision of the licensee or his/her representative provided that
the licensee is an accredited VE (Volunteer Examiner) according to the terms of the Part 97 of the
FCC rules governing the Amateur Radio Service.

Permission is hereby granted for registered copies of NuMorse to be used as a teaching aid
for third parties under supervision of the licensee  provided that the licensee is an accredited
VE (Volunteer Examiner) according to the terms of the Part 97 of the FCC rules governing the
Amateur Radio Service.</EULA>
</Permissions>
<ZDNET>
    <ZDNET_FORM>Y</ZDNET_FORM>
    <ZDNET_Product_ID_Code />
</ZDNET>
<MSN>
    <MSN_FORM>Y</MSN_FORM>
    <MSN_IS_32bit>Y</MSN_IS_32bit>
</MSN>
<ASP>
    <ASP_FORM>Y</ASP_FORM>
    <ASP_Member>Y</ASP_Member>
    <ASP_Member_Number>02977</ASP_Member_Number>
</ASP>
</XML_DIZ_INFO>
