<?xml version="1.0" encoding="Windows-1252" ?>
<XML_DIZ_INFO>
<MASTER_PAD_VERSION_INFO>
    <MASTER_PAD_VERSION>1.10</MASTER_PAD_VERSION>
    <MASTER_PAD_INFO>Portable Application Description, or PAD for short, is a data set that is used by shareware authors to disseminate information to anyone interested in their software products. To find out more go to http://www.asp-shareware.org/pad</MASTER_PAD_INFO>
</MASTER_PAD_VERSION_INFO>
<Company_Info>
        <Company_Name>Alea014</Company_Name>
        <Address_1>VNOPO 163</Address_1>
        <Address_2 />
        <City_Town>Valjevo</City_Town>
        <State_Province />
        <Zip_Postal_Code>14000</Zip_Postal_Code>
        <Country>Serbia, Yugoslavia</Country>
        <Company_WebSite_URL>http://www.alea014.cjb.com</Company_WebSite_URL>
<Contact_Info>
        <Author_First_Name>Nikola</Author_First_Name>
        <Author_Last_Name>Rajevac</Author_Last_Name>
        <Author_Email>amondin@ptt.yu</Author_Email>
        <Contact_First_Name>Nikola</Contact_First_Name>
        <Contact_Last_Name>Rajevac</Contact_Last_Name>
        <Contact_Email>amondin@ptt.yu</Contact_Email>
    </Contact_Info>
<Support_Info>
        <Sales_Email>bechir@zwallet.com</Sales_Email>
        <Support_Email>bechir@zwallet.com</Support_Email>
        <General_Email>bechir@zwallet.com</General_Email>
        <Sales_Phone>(+381)14240375</Sales_Phone>
        <Support_Phone>(+381)14240375</Support_Phone>
        <General_Phone>(+381)14240375</General_Phone>
        <Fax_Phone />
    </Support_Info>
</Company_Info>
<Program_Info>
        <Program_Name>Alea Address Book</Program_Name>
        <Program_Version>2.5</Program_Version>
        <Program_Release_Month>04</Program_Release_Month>
        <Program_Release_Day>05</Program_Release_Day>
        <Program_Release_Year>2000</Program_Release_Year>
        <Program_Cost_Dollars>0</Program_Cost_Dollars>
        <Program_Cost_Other>0</Program_Cost_Other>
        <Program_Type>Freeware</Program_Type>
        <Program_Release_Status>Beta</Program_Release_Status>
        <Program_Install_Support>Install and Uninstall</Program_Install_Support>
        <Program_OS_Support>Win 3.1x,Win95,Win98,WinME,WinNT 3.x,WinNT 4.x</Program_OS_Support>
        <Program_Language>English</Program_Language>
        <Program_Change_Info />
        <Program_System_Requirements>none</Program_System_Requirements>
        <Program_Specific_Category>Miscellaneous</Program_Specific_Category>
        <Program_Categories />
<File_Info>
        <Filename_Versioned>aad.zip</Filename_Versioned>
        <Filename_Previous>aad.zip</Filename_Previous>
        <Filename_Generic>aad.zip</Filename_Generic>
        <Filename_Long>Alea Address Book</Filename_Long>
        <File_Size_Bytes>729088</File_Size_Bytes>
        <File_Size_K>712</File_Size_K>
        <File_Size_MB>0.71</File_Size_MB>
    </File_Info>
<Expire_Info>
        <Has_Expire_Info>N</Has_Expire_Info>
        <Expire_Count />
        <Expire_Based_On>Days</Expire_Based_On>
        <Expire_Other_Info />
        <Expire_Month />
        <Expire_Day />
        <Expire_Year />
    </Expire_Info>
        <Includes_JAVA_VM>N</Includes_JAVA_VM>
        <Includes_VB_Runtime>N</Includes_VB_Runtime>
        <Includes_DirectX>N</Includes_DirectX>
</Program_Info>
<Program_Descriptions>
<English>
        <Keywords>address,book,tools,alea014,reminder</Keywords>
        <Char_Desc_45>Alea Address Book</Char_Desc_45>
        <Char_Desc_80>Although this is not finished version, it is fully functional.</Char_Desc_80>
        <Char_Desc_250>Although this is not finished version,all the interested users can try shis software, and maybe help me to make it much better. This software is actually an address book with easy user interface, excellent reminder and powerful search engine. Try it!</Char_Desc_250>
        <Char_Desc_450>Although this is not finished version,all the interested users can try shis software, and maybe help me to make it much better. This software is actually an address book with easy user interface, excellent reminder and powerful search engine. Try it! I think it is very useful, otherwise all the people arround me would not be using it since I have compiled the first version. Even I  use just this address book and no other!</Char_Desc_450>
        <Char_Desc_2000>Although this is not finished version,all the interested users can try shis software, and maybe help me to make it much better. This software is actually an address book with easy user interface, excellent reminder and powerful search engine. Try it! I think it is very useful, otherwise all the people arround me would not be using it since I have compiled the first version. Even I  use just this address book and no other! It simply satisfies all of my needs!</Char_Desc_2000>
</English>
</Program_Descriptions>
<Web_Info>
<Application_URLs>
        <Application_Info_URL />
        <Application_Order_URL />
        <Application_Screenshot_URL />
        <Application_Icon_URL />
        <Application_XML_File_URL />
    </Application_URLs>
<Download_URLs>
        <Primary_Download_URL />
        <Secondary_Download_URL />
        <Additional_Download_URL_1 />
        <Additional_Download_URL_2 />
    </Download_URLs>
</Web_Info>
<Permissions>
        <Distribution_Permissions />
        <EULA />
</Permissions>
<Simtel.Net>
    <Simtel.net_FORM>Y</Simtel.net_FORM>
    <Simtel.Net_DOS_Category>Select - MS-DOS Platform</Simtel.Net_DOS_Category>
    <Simtel.Net_Win31_Category>Select - Win3 Platform</Simtel.Net_Win31_Category>
    <Simtel.Net_WinXX_Category>Business - business Business-Related Programs</Simtel.Net_WinXX_Category>
    <Simtel.Net_Category>Scheduling/Calendar</Simtel.Net_Category>
    <Simtel.Net_FTPCDROM_DISTRIBUTE_ON_CDROM>Y</Simtel.Net_FTPCDROM_DISTRIBUTE_ON_CDROM>
</Simtel.Net>
</XML_DIZ_INFO>
