<?xml version="1.0"?>
<XML_DIZ_INFO>
<MASTER_PAD_VERSION_INFO>
    <MASTER_PAD_VERSION>1.00</MASTER_PAD_VERSION>
    <MASTER_PAD_INFO>Portable Application Description, or PAD for short, is a data set that is used by shareware authors to dissemminate information to anyone interested in their software products.  To find out more go to http://www.asp-shareware.org/pad</MASTER_PAD_INFO>
</MASTER_PAD_VERSION_INFO>
<Company_Info>
        <Company_Name>Invest-Tech Limited</Company_Name>
        <Address_1>27 Ardmeen Park</Address_1>
        <Address_2>Blackrock</Address_2>
        <City_Town>Co Dublin</City_Town>
        <State_Province>n/a</State_Province>
        <Zip_Postal_Code>n/a</Zip_Postal_Code>
        <Country>Ireland</Country>
        <ASP_Member>Y</ASP_Member>
        <ASP_Member_Number>03341</ASP_Member_Number>
        <ESC_Member>N</ESC_Member>
        <Company_WebSite_URL>http://www.planware.org</Company_WebSite_URL>
<Contact_Info>
        <Author_First_Name>Brian</Author_First_Name>
        <Author_Last_Name>Flanagan</Author_Last_Name>
        <Author_Email>brian@planware.org</Author_Email>
        <Contact_First_Name>Brian</Contact_First_Name>
        <Contact_Last_Name>Flanagan</Contact_Last_Name>
        <Contact_Email>brian@planware.org</Contact_Email>
    </Contact_Info>
<Support_Info>
        <Sales_Email>sales@planware.org</Sales_Email>
        <Support_Email>support@planware.org</Support_Email>
        <General_Email>info@planware.org</General_Email>
        <Sales_Phone>+353-1-2834083</Sales_Phone>
        <Support_Phone>+353-1-2834083</Support_Phone>
        <General_Phone>+353-1-2834083</General_Phone>
        <Fax_Phone>+353-1-2782391</Fax_Phone>
    </Support_Info>
</Company_Info>
<Program_Info>
        <Program_Name>Business Plan eGuides</Program_Name>
        <Program_Version>1.0</Program_Version>
        <Program_Release_Month>09</Program_Release_Month>
        <Program_Release_Day>20</Program_Release_Day>
        <Program_Release_Year>2000</Program_Release_Year>
        <Program_Cost_Dollars>0</Program_Cost_Dollars>
        <Program_Cost_Other>0</Program_Cost_Other>
        <Program_Type>Freeware</Program_Type>
        <Program_Release_Status>New Release</Program_Release_Status>
        <Program_Install_Support>No Install Support</Program_Install_Support>
        <Program_OS_Support>Win 3.1x,Win95,Win98,WinNT 3.x,WinNT 4.x,Windows2000</Program_OS_Support>
        <Program_Language>English</Program_Language>
        <Program_System_Requirements />
        <Program_Categories>Business planning, Business applications, Business,  Accounting,  Personal productivity, Finance</Program_Categories>
<File_Info>
        <Filename_Versioned>eguide10.zip</Filename_Versioned>
        <Filename_Previous />
        <Filename_Generic>eguide.zip</Filename_Generic>
        <Filename_Long>eguide.zip</Filename_Long>
        <File_Size_Bytes>585833</File_Size_Bytes>
        <File_Size_K>572</File_Size_K>
        <File_Size_MB>0.6</File_Size_MB>
    </File_Info>
<Expire_Info>
        <Has_Expire_Info>N</Has_Expire_Info>
        <Expire_Count />
        <Expire_Based_On>Days</Expire_Based_On>
        <Expire_Other_Info>No expiration</Expire_Other_Info>
        <Expire_Month />
        <Expire_Day />
        <Expire_Year />
    </Expire_Info>
        <Includes_VB_Runtime>N</Includes_VB_Runtime>
        <Includes_JAVA_VM>N</Includes_JAVA_VM>
        <Includes_DirectX>N</Includes_DirectX>
</Program_Info>
<Program_Descriptions>
<English>
        <Keywords>business plan, business, plan, eguide, planware,</Keywords>
        <Char_Desc_45>Business plan eGuides</Char_Desc_45>
        <Char_Desc_80>Business plan eGuides</Char_Desc_80>
        <Char_Desc_250>The PlanWare eGuides comprise a series of &quot;white papers&quot; on business planning matters compiled as a self-contained executable file. They are presented as web-style pages which can be viewed on-screen or printed onto 70-80 pages.</Char_Desc_250>
        <Char_Desc_450>The PlanWare eGuides comprise a series of &quot;white papers&quot; on business planning matters compiled as a self-contained executable file. They are presented as web-style pages which can be viewed on-screen or printed onto 70-80 pages. Topics include: Getting New Business Ideas, Devising Venture Strategies, Developing a Business Strategy, Writing a Business Plan, Preparing Financial Projections.</Char_Desc_450>
        <Char_Desc_2000>The PlanWare eGuides comprise a series of &quot;white papers&quot; on business planning matters compiled as a self-contained executable file. They are presented as a series of web-style pages which can be viewed on-screen or printed onto 70-80 pages. They cover: Getting New Business Ideas, Devising Venture Strategies, Developing a Business Strategy, Writing a Business Plan, Preparing Financial Projections, Making Cashflow Forecasts, Managing Working Capital.</Char_Desc_2000>
</English>
</Program_Descriptions>
<Web_Info>
<Application_URLs>
        <Application_Info_URL>http://www.planware.org/eguide.htm</Application_Info_URL>
        <Application_Order_URL>http://www.planware.org/eguide.htm</Application_Order_URL>
        <Application_Screenshot_URL>http://www.planware.org/eguide.gif</Application_Screenshot_URL>
        <Application_Icon_URL />
        <Application_XML_File_URL>http://www.planware.org/pad/eguide.xml</Application_XML_File_URL>
    </Application_URLs>
<Download_URLs>
        <Primary_Download_URL>http://www.planware.org/eguide.zip</Primary_Download_URL>
        <Secondary_Download_URL>ftp://ftp.asp-shareware.org/03341/eguide.zip</Secondary_Download_URL>
        <Additional_Download_URL_1 />
        <Additional_Download_URL_2 />
    </Download_URLs>
</Web_Info>
<Permissions>
        <Distribution_Permissions>FREEWARE DISTRIBUTION 
These terms relate to the distribution of the SOFTWARE as freeware and are additional to those contained in the End User License Agreement.

DISTRIBUTION 
The following may distribute the SOFTWARE and related files without further permission provided they convey a complete and unaltered version of the SOFTWARE and provided they make no claim to ownership of the SOFTWARE:

	Private individuals charging no fees. 
	Publicly-financed educational establishments. 
	Members of Association of Shareware Professionals (ASP)
	Other shareware/freeware associations. 
	Bona fide shareware/freeware distributors and directories 	including FTP and WWW sites, BBSs, user groups, mail-order disk 	vendors, CD-ROM publishers, magazine cover CD-ROMs, 	file-distribution networks etc. 
The SOFTWARE and related files must only be distributed as a single archive file including LICENSE.TXT and README.TXT.

In no circumstances may the SOFTWARE be bundled with hardware or other non-shareware/freeware software or be used for any form of commercial promotion without prior written permission from Invest-Tech Limited. 

VIRUSES
All distribution of the SOFTWARE is further restricted with regard to sources which also distribute virus source code and related virus construction/creation materials. It is unlawful to attach any virus to the SOFTWARE and the SOFTWARE may not be made available on any site, CD-ROM, or with any package which makes available or contains viruses, virus source code, virus construction programs, or virus creation material. 

TRANSFERABILITY
Permission to distribute the SOFTWARE is not transferable, assignable, saleable, or franchisable. Each entity wishing to distribute the package must independently satisfy the terms of the distribution license. 

REVOKATION
Invest-Tech Limited may revoke any distribution permissions granted here, by notifying you in writing. All rights not expressly granted here are reserved to Invest-Tech.</Distribution_Permissions>
        <EULA>LICENSE GRANT 
Invest-Tech Limited grants you a license to use the SOFTWARE for your personal use on the strict understanding that the SOFTWARE is treated as a freeware program and not as &quot;public domain&quot; software etc.

OWNERSHIP. 
The SOFTWARE is owned by Invest-Tech Limited. Your license confers no title or ownership in the SOFTWARE. 

COPYRIGHT 
The SOFTWARE is protected by copyright law. You acknowledge that no title to the intellectual property in the SOFTWARE is transferred to you. You further acknowledge that title and full ownership rights to the SOFTWARE will remain the exclusive property of Invest-Tech Limited and you will not acquire any rights to the SOFTWARE except as expressly set forth in this license. You agree that any copies of the SOFTWARE will contain the same proprietary notices which appear on and in the SOFTWARE. 

AUTHORIZED USE 
You are free to print a single copy of the SOFTWARE for YOUR PERSONAL USE PROVIDED THAT IT IS UNMODIFIED AND PROVIDED THAT IT REMAINS COMPLETE IN ALL RESPECTS. Copying or printing of eGuides in whole or part for non-personal uses is not permitted without prior written permission for Invest-Tech Limited. You are free to quote brief extracts from the eGuides provided that PlanWare eGuides at http://www.planware.org is acknowledged as the source.

UNAUTHORIZED USE 
You may not modify the SOFTWARE or disable the SOFTWARE except as an intended part of the SOFTWARE&apos;s features and authorized use. You may not use, copy, rent, lease, sell, modify, decompile, disassemble, otherwise reverse engineer, or transfer the SOFTWARE as any form or type of business planning guide except as provided for in this Agreement and the Freeware Distribution License Agreement. Any such unauthorized use shall result in immediate and automatic termination of this license.

INSPECTION AND TESTING 
You agree and acknowledge that you will thoroughly inspect and test the SOFTWARE for all of your purposes including for virus detection upon commencement of your use.

LIMITED WARRANTY 
THIS SOFTWARE IS PROVIDED ON AN &quot;AS IS&quot; BASIS. INVEST-TECH LIMITED DISCLAIMS ALL WARRANTIES RELATING TO THIS SOFTWARE, WHETHER EXPRESSED OR IMPLIED, INCLUDING BUT NOT LIMITED TO ANY IMPLIED WARRANTIES OF MERCHANTABILITY OR FITNESS FOR A PARTICULAR PURPOSE. NEITHER INVEST-TECH LIMITED NOR ANYONE ELSE WHO HAS BEEN INVOLVED IN THE CREATION, PRODUCTION, OR DELIVERY OF THIS SOFTWARE SHALL BE LIABLE FOR ANY INDIRECT, CONSEQUENTIAL, OR INCIDENTAL DAMAGES ARISING OUT OF THE USE OR INABILITY TO USE SUCH SOFTWARE, EVEN IF INVEST-TECH LIMITED HAS BEEN ADVISED OF THE POSSIBILITY OF SUCH DAMAGES OR CLAIMS. THE PERSON USING THE SOFTWARE BEARS ALL RISK AS TO THE QUALITY AND PERFORMANCE OF THE SOFTWARE. IN NO EVENT SHALL ANY THEORY OF LIABILITY EXCEED THE LICENSE FEE PAID TO INVEST-TECH LIMITED. NO LIABILITY FOR CONSEQUENTIAL DAMAGES. IN NO EVENT SHALL INVEST-TECH LIMITED OR ITS SUPPLIERS BE LIABLE TO YOU FOR ANY CONSEQUENTIAL, SPECIAL, INCIDENTAL OR INDIRECT DAMAGES OF ANY KIND ARISING OUT OF THE DELIVERY, PERFORMANCE OR USE OF THE SOFTWARE, EVEN IF INVEST-TECH LIMITED HAS BEEN ADVISED OF THE POSSIBILITY OF SUCH DAMAGES. IN NO EVENT WILL INVEST-TECH LIMITED&apos;S LIABILITY FOR ANY CLAIM, WHETHER IN CONTRACT, TORT OR ANY OTHER THEORY OF LIABILITY, EXCEED THE LICENSE FEE PAID BY YOU, IF ANY. 

SEVERABILITY 
In the event of invalidity of any provision of this Agreement, the parties agree that such invalidity shall not affect the validity of the remaining portions of this Agreement. 

GOVERNING LAW 
This Agreement shall be governed by the laws of the Republic of Ireland and any action or proceeding shall be brought only in a COURT located in the Republic of Ireland. This Agreement will not be governed by the United Nations Convention on Contracts for the International Sale of Goods, the application of which is expressly excluded. 

RESERVED RIGHTS
All rights not expressly granted here are reserved to Invest-Tech Limited. 

ENTIRE AGREEMENT
This is the entire Agreement between you and Invest-Tech Limited which supersedes any prior Agreement or understanding, whether written or oral, relating to the subject matter of this Agreement.</EULA>
</Permissions>
<MSN>
    <MSN_FORM>Y</MSN_FORM>
    <MSN_IS_32bit>Y</MSN_IS_32bit>
</MSN>
<ZDNET>
    <ZDNET_FORM>Y</ZDNET_FORM>
    <ZDNET_Product_ID_Code />
</ZDNET>
</XML_DIZ_INFO>
