<?xml version="1.0" encoding="Windows-1252" ?>
<XML_DIZ_INFO>
<MASTER_PAD_VERSION_INFO>
    <MASTER_PAD_VERSION>1.15</MASTER_PAD_VERSION>
    <MASTER_PAD_INFO>Portable Application Description, or PAD for short, is a data set that is used by shareware authors to disseminate information to anyone interested in their software products. To find out more go to http://www.asp-shareware.org/pad</MASTER_PAD_INFO>
</MASTER_PAD_VERSION_INFO>
<Company_Info>
        <Company_Name>Individual Author</Company_Name>
        <Address_1>New no. 68, Old No. 48, 53rd Street</Address_1>
        <Address_2>Ashok Nagar, Chennai</Address_2>
        <City_Town>Chennai</City_Town>
        <State_Province>Tamil Nadu</State_Province>
        <Zip_Postal_Code>600083</Zip_Postal_Code>
        <Country>India</Country>
        <Company_WebSite_URL>http://techotek.tripod.com/</Company_WebSite_URL>
<Contact_Info>
        <Author_First_Name>Vinodh</Author_First_Name>
        <Author_Last_Name>Kumar</Author_Last_Name>
        <Author_Email>kumarvinodh@rediffmail.com</Author_Email>
        <Contact_First_Name />
        <Contact_Last_Name />
        <Contact_Email />
    </Contact_Info>
<Support_Info>
        <Sales_Email />
        <Support_Email>kumarvinodh@rediffmail.com</Support_Email>
        <General_Email />
        <Sales_Phone />
        <Support_Phone>91-44-4714965</Support_Phone>
        <General_Phone />
        <Fax_Phone />
    </Support_Info>
</Company_Info>
<Program_Info>
        <Program_Name>Yo!</Program_Name>
        <Program_Version>1.00</Program_Version>
        <Program_Release_Month>11</Program_Release_Month>
        <Program_Release_Day>26</Program_Release_Day>
        <Program_Release_Year>2001</Program_Release_Year>
        <Program_Cost_Dollars />
        <Program_Cost_Other_Code />
        <Program_Cost_Other />
        <Program_Type>Shareware</Program_Type>
        <Program_Release_Status>New Release</Program_Release_Status>
        <Program_Install_Support>Install and Uninstall</Program_Install_Support>
        <Program_OS_Support>Win95,Win98,WinME</Program_OS_Support>
        <Program_Language />
<File_Info>
        <Filename_Versioned>yosetup.zip</Filename_Versioned>
        <Filename_Previous />
        <Filename_Generic />
        <Filename_Long>yosetup.zip</Filename_Long>
        <File_Size_Bytes>5518118</File_Size_Bytes>
        <File_Size_K>5518</File_Size_K>
        <File_Size_MB>5.5</File_Size_MB>
    </File_Info>
<Expire_Info>
        <Has_Expire_Info>N</Has_Expire_Info>
        <Expire_Count />
        <Expire_Based_On>Days</Expire_Based_On>
        <Expire_Other_Info />
        <Expire_Month />
        <Expire_Day />
        <Expire_Year />
    </Expire_Info>
        <Program_Change_Info />
        <Program_Specific_Category>Audio</Program_Specific_Category>
        <Program_Categories />
        <Program_System_Requirements />
        <Includes_JAVA_VM>N</Includes_JAVA_VM>
        <Includes_VB_Runtime>Y</Includes_VB_Runtime>
        <Includes_DirectX>N</Includes_DirectX>
</Program_Info>
<Program_Descriptions>
<English>
        <Keywords />
        <Char_Desc_45 />
        <Char_Desc_80 />
        <Char_Desc_250 />
        <Char_Desc_450>Yo! is a user-friendly and powerful Mp3 File Manager. It scans the selected hard-drives and displays all the found Mp3 Files in an artist/song format. The user may then create a playlist and have it played by the selected Mp3 player (Winamp or Windows Media Player). It can also rename, copy, delete Mp3 Files. It should be of any Mp3 listener&apos;s delight.</Char_Desc_450>
        <Char_Desc_2000 />
</English>
</Program_Descriptions>
<Web_Info>
<Application_URLs>
        <Application_Info_URL />
        <Application_Order_URL />
        <Application_Screenshot_URL />
        <Application_Icon_URL />
        <Application_XML_File_URL />
    </Application_URLs>
<Download_URLs>
        <Primary_Download_URL />
        <Secondary_Download_URL />
        <Additional_Download_URL_1 />
        <Additional_Download_URL_2 />
    </Download_URLs>
</Web_Info>
<Permissions>
        <Distribution_Permissions />
        <EULA />
</Permissions>
<Simtel>
    <Simtel_Email>kumarvinodh@rediffmail.com</Simtel_Email>
    <Simtel_FORM>Y</Simtel_FORM>
    <Simtel_DOS_Category>Select - MS-DOS Platform</Simtel_DOS_Category>
    <Simtel_Win31_Category>Music/Audio - music Music Programs</Simtel_Win31_Category>
    <Simtel_WinXX_Category>Select - Win95/98/2000 Platform</Simtel_WinXX_Category>
    <Simtel_Category>Music/Audio - Utilities</Simtel_Category>
    <SIMTEL_FORM_VER>1.03 04/09/2001</SIMTEL_FORM_VER>
</Simtel>
</XML_DIZ_INFO>
