<?xml version="1.0" encoding="Windows-1252" ?>
<XML_DIZ_INFO>
<MASTER_PAD_VERSION_INFO>
    <MASTER_PAD_VERSION>1.10</MASTER_PAD_VERSION>
    <MASTER_PAD_INFO>Portable Application Description, or PAD for short, is a data set that is used by shareware authors to disseminate information to anyone interested in their software products. To find out more go to http://www.asp-shareware.org/pad</MASTER_PAD_INFO>
</MASTER_PAD_VERSION_INFO>
<Company_Info>
        <Company_Name>Jack Sirulnikoff</Company_Name>
        <Address_1>65 Ellerslie Ave., #259</Address_1>
        <Address_2 />
        <City_Town>Willowdale</City_Town>
        <State_Province>ON</State_Province>
        <Zip_Postal_Code>M2N 1Y1</Zip_Postal_Code>
        <Country>Canada</Country>
        <Company_WebSite_URL>http://www.jacksirulnikoff.com</Company_WebSite_URL>
<Contact_Info>
        <Author_First_Name>Jack</Author_First_Name>
        <Author_Last_Name>Sirulnikoff</Author_Last_Name>
        <Author_Email>jacksiru@look.ca</Author_Email>
        <Contact_First_Name>Jack</Contact_First_Name>
        <Contact_Last_Name>Sirulnikoff</Contact_Last_Name>
        <Contact_Email>jacksiru@look.ca</Contact_Email>
    </Contact_Info>
<Support_Info>
        <Sales_Email>jacksiru@look.ca</Sales_Email>
        <Support_Email>jacksiru@look.ca</Support_Email>
        <General_Email>jacksiru@look.ca</General_Email>
        <Sales_Phone>416-225-3511</Sales_Phone>
        <Support_Phone>416-225-3511</Support_Phone>
        <General_Phone>416-225-3511</General_Phone>
        <Fax_Phone>n/a</Fax_Phone>
    </Support_Info>
</Company_Info>
<Program_Info>
        <Program_Name>Midi Synthi Player</Program_Name>
        <Program_Version>10.3</Program_Version>
        <Program_Release_Month>01</Program_Release_Month>
        <Program_Release_Day>13</Program_Release_Day>
        <Program_Release_Year>2003</Program_Release_Year>
        <Program_Cost_Dollars>10</Program_Cost_Dollars>
        <Program_Cost_Other />
        <Program_Type>Shareware</Program_Type>
        <Program_Release_Status>Major Update</Program_Release_Status>
        <Program_Install_Support>No Install Support</Program_Install_Support>
        <Program_OS_Support>Win 3.1x,Win95,Win98,WinME,Windows2000</Program_OS_Support>
        <Program_Language>English</Program_Language>
        <Program_Change_Info>Handles channels on CC;revision of Select Tracks;2 new note values;Punch In/Punch Out</Program_Change_Info>
        <Program_System_Requirements>80486, 2 MG RAM, soundboard &amp; speakers</Program_System_Requirements>
        <Program_Specific_Category>Audio</Program_Specific_Category>
        <Program_Categories>multimedia, music, MIDI</Program_Categories>
<File_Info>
        <Filename_Versioned>msp_d103.zip</Filename_Versioned>
        <Filename_Previous>msp_de93.zip</Filename_Previous>
        <Filename_Generic>msp_demo.zip</Filename_Generic>
        <Filename_Long>midisynthiplayer.zip</Filename_Long>
        <File_Size_Bytes>925613</File_Size_Bytes>
        <File_Size_K>903</File_Size_K>
        <File_Size_MB>.88</File_Size_MB>
    </File_Info>
<Expire_Info>
        <Has_Expire_Info>N</Has_Expire_Info>
        <Expire_Count />
        <Expire_Based_On>Days</Expire_Based_On>
        <Expire_Other_Info />
        <Expire_Month />
        <Expire_Day />
        <Expire_Year />
    </Expire_Info>
        <Includes_JAVA_VM>N</Includes_JAVA_VM>
        <Includes_VB_Runtime>Y</Includes_VB_Runtime>
        <Includes_DirectX>N</Includes_DirectX>
</Program_Info>
<Program_Descriptions>
<English>
        <Keywords>midi, music, sequencer, music creation</Keywords>
        <Char_Desc_45>Create music (.mid) files using your computer</Char_Desc_45>
        <Char_Desc_80>Create music (.mid) files using your computer. Easy to understand and use.</Char_Desc_80>
        <Char_Desc_250>Create music (.mid) files using your computer. Easy to understand and use. Requires no additional hardware beyond a soundboard and speakers. Contains provisions for all standard MIDI features - patches, controllers, pitchbend etc.</Char_Desc_250>
        <Char_Desc_450>Create music (.mid) files using your computer. Easy to understand and use. Requires no additional hardware beyond a soundboard and speakers.Can handle up to 64 tracks and contains provisions for all standard MIDI features - patches, controllers, pitchbend etc. Will work with Windows 3.x, Windows 9x, and up. The approach uses standard musical terminology for note names and durations, and keeps required knowledge of MIDI to a minimum.</Char_Desc_450>
        <Char_Desc_2000 />
</English>
</Program_Descriptions>
<Web_Info>
<Application_URLs>
        <Application_Info_URL>http://www.jacksirulnikoff.com/whatmsp.html</Application_Info_URL>
        <Application_Order_URL>http://www.jacksirulnikoff.com</Application_Order_URL>
        <Application_Screenshot_URL>http://www.jacksirulnikoff.com/msp.jpg</Application_Screenshot_URL>
        <Application_Icon_URL />
        <Application_XML_File_URL />
    </Application_URLs>
<Download_URLs>
        <Primary_Download_URL>http://www.jacksirulnikoff.com/msp_d103.zip</Primary_Download_URL>
        <Secondary_Download_URL />
        <Additional_Download_URL_1 />
        <Additional_Download_URL_2 />
    </Download_URLs>
</Web_Info>
<Permissions>
        <Distribution_Permissions>You may use this program on any CD compilation.
You may not sell the evaluation copy.
You must disclose that this is shareware, and that the product is not free.</Distribution_Permissions>
        <EULA>This software is copyrighted, and all rights therein are reserved.
A personal, non-exclusive licence is granted to a registered user.
The licence restricts installation of this software to a single computer.</EULA>
</Permissions>
<Simtel>
    <Simtel_Email>jacksiru@look.ca</Simtel_Email>
    <Simtel_FORM>Y</Simtel_FORM>
    <Simtel_DOS_Category>Select - MS-DOS Platform</Simtel_DOS_Category>
    <Simtel_Win31_Category>Music/Audio - music Music Programs</Simtel_Win31_Category>
    <Simtel_WinXX_Category>Select - Win95/98/2000 Platform</Simtel_WinXX_Category>
    <Simtel_Category>Music/Audio - MIDI</Simtel_Category>
    <SIMTEL_FORM_VER>1.03 04/09/2001</SIMTEL_FORM_VER>
</Simtel>
</XML_DIZ_INFO>
