<?xml version="1.0" encoding="Windows-1252" ?>
<XML_DIZ_INFO>
<MASTER_PAD_VERSION_INFO>
    <MASTER_PAD_VERSION>1.10</MASTER_PAD_VERSION>
    <MASTER_PAD_INFO>Portable Application Description, or PAD for short, is a data set that is used by shareware authors to disseminate information to anyone interested in their software products. To find out more go to http://www.asp-shareware.org/pad</MASTER_PAD_INFO>
</MASTER_PAD_VERSION_INFO>
<Company_Info>
        <Company_Name>Nu-Ware</Company_Name>
        <Address_1>Llanoris</Address_1>
        <Address_2>Llanerfyl</Address_2>
        <City_Town>Welshpool</City_Town>
        <State_Province>Powys</State_Province>
        <Zip_Postal_Code>SY21 0EP</Zip_Postal_Code>
        <Country>United Kingdom</Country>
        <Company_WebSite_URL>http://www.Nu-Ware.com</Company_WebSite_URL>
<Contact_Info>
        <Author_First_Name>Tony</Author_First_Name>
        <Author_Last_Name>Lacy</Author_Last_Name>
        <Author_Email>TonyLacy@Nu-Ware.com</Author_Email>
        <Contact_First_Name>Tony</Contact_First_Name>
        <Contact_Last_Name>Lacy</Contact_Last_Name>
        <Contact_Email>TonyLacy@Nu-Ware.com</Contact_Email>
    </Contact_Info>
<Support_Info>
        <Sales_Email>Sales@Nu-Ware.com</Sales_Email>
        <Support_Email>Support@Nu-Ware.com</Support_Email>
        <General_Email>TonyLacy@Nu-Ware.com</General_Email>
        <Sales_Phone />
        <Support_Phone />
        <General_Phone />
        <Fax_Phone />
    </Support_Info>
</Company_Info>
<Program_Info>
        <Program_Name>NuTest</Program_Name>
        <Program_Version>1.73</Program_Version>
        <Program_Release_Month>08</Program_Release_Month>
        <Program_Release_Day>03</Program_Release_Day>
        <Program_Release_Year>2001</Program_Release_Year>
        <Program_Cost_Dollars>14.95</Program_Cost_Dollars>
        <Program_Cost_Other />
        <Program_Type>Shareware</Program_Type>
        <Program_Release_Status>Minor Update</Program_Release_Status>
        <Program_Install_Support>Install and Uninstall</Program_Install_Support>
        <Program_OS_Support>Win 3.1x,Win95,Win98,WinME,WinNT 3.x,WinNT 4.x,Windows2000</Program_OS_Support>
        <Program_Language>English</Program_Language>
        <Program_Change_Info>New installer</Program_Change_Info>
        <Program_System_Requirements>Windows 16Mb HD SVGA</Program_System_Requirements>
        <Program_Specific_Category>Home/Hobby</Program_Specific_Category>
        <Program_Categories>Educational, Ham Radio</Program_Categories>
<File_Info>
        <Filename_Versioned>NuTest17</Filename_Versioned>
        <Filename_Previous>NuTest16</Filename_Previous>
        <Filename_Generic>NuTest</Filename_Generic>
        <Filename_Long>NuTest for Windows</Filename_Long>
        <File_Size_Bytes>1174451</File_Size_Bytes>
        <File_Size_K>1147</File_Size_K>
        <File_Size_MB>1.15</File_Size_MB>
    </File_Info>
<Expire_Info>
        <Has_Expire_Info>Y</Has_Expire_Info>
        <Expire_Count />
        <Expire_Based_On>Days</Expire_Based_On>
        <Expire_Other_Info>Trial does not expire</Expire_Other_Info>
        <Expire_Month />
        <Expire_Day />
        <Expire_Year />
    </Expire_Info>
        <Includes_JAVA_VM>N</Includes_JAVA_VM>
        <Includes_VB_Runtime>N</Includes_VB_Runtime>
        <Includes_DirectX>N</Includes_DirectX>
</Program_Info>
<Program_Descriptions>
<English>
        <Keywords>Amateur,Radio,Ham,NuTest,NuMorse,Nu-Ware,FCC,ARRL,Electronics,Test,Education,Teach</Keywords>
        <Char_Desc_45>Obtain or upgrade your amateur radio licence</Char_Desc_45>
        <Char_Desc_80>Obtain or upgrade your amateur radio licence. Create tests  from question pools.</Char_Desc_80>
        <Char_Desc_250>Obtain or upgrade your amateur radio licence using this complete training package.  Create tests  from the official ARRL question pools. Browse the question pools. Read in-depth explanations of each question. FCC Part 97 rules included.</Char_Desc_250>
        <Char_Desc_450>Obtain or upgrade your amateur radio licence using this complete training package.  Create tests  from official ARRL question pools. Browse the question pools. Read in-depth explanations of the questions. FCC Part 97 rules and RF exposure tables included. Hypertext links take you from each question to technical explanations, useful formulea, math hints and everything else you need for a pass grade.</Char_Desc_450>
        <Char_Desc_2000>Obtain or upgrade your amateur radio licence using this complete training package.  Create tests  from the official ARRL question pools. Browse the question pools. Read in-depth explanations of each question. FCC Part 97 rules and RF exposure tables included. A unique system of hypertext links takes you from each question to technical explanations, pages of useful formulea, math hints and everything else you need to gain a pass grade at any level. The evaluation version gives access to a selection of materials from the Technician license class. On registration you gain full access to any chosen licence classes from Technician to Extra.</Char_Desc_2000>
</English>
</Program_Descriptions>
<Web_Info>
<Application_URLs>
        <Application_Info_URL>http://www.nu-ware.com</Application_Info_URL>
        <Application_Order_URL>http://www.nstarsolutions.com/160.htm</Application_Order_URL>
        <Application_Screenshot_URL>http://www.nu-ware.com/images/NtGrab01.gif</Application_Screenshot_URL>
        <Application_Icon_URL>http://www.nu-ware.com/images/NTlog05.gif</Application_Icon_URL>
        <Application_XML_File_URL>http://www.nu-ware.com/PAD/NuTest.xml</Application_XML_File_URL>
    </Application_URLs>
<Download_URLs>
        <Primary_Download_URL>http://www.nu-ware.com/download/NuTest.zip</Primary_Download_URL>
        <Secondary_Download_URL>http://homepage.ntlworld.com/a.lacy/NuTest.zip</Secondary_Download_URL>
        <Additional_Download_URL_1 />
        <Additional_Download_URL_2 />
    </Download_URLs>
</Web_Info>
<Permissions>
        <Distribution_Permissions>Must be distributed unmodified, package may be recompressed to suit distribution requirements.

Means of distribution not restricted.

Vendors fees are for media and distribution only.

Can be included in any software compilation.

Must be declared as shareware.

Any permission can be modified or waived at the authors discretion.

NuTest remains copyright of the Author, Tony Lacy, February 2000 regardless of any other
distribution agreement.</Distribution_Permissions>
        <EULA>NuTest for Windows is not free software.  You are hereby licensed to use the evaluation version of NuTest 
according to the terms of this license to determine its&apos; suitability to your needs. Unregistered use of the
software after this period is a violation of U.S. and international copyright laws.

The author shall designate licensees of the software by either issuing an acknowledgent to the licensee 
that a registration fee has been paid or by  any other appropriate means and at his discretion.

For self-training or study purposes one registered copy of NuTest may either be used by a single
licensee on one or more computers OR by more than one person (with permission from the licensee)
on the same computer, but at different times.  It may not be used in more than one location at the
same time unless prior permission has been granted by the author.

Permission is hereby granted for registered copies of NuTest to be used for setting and grading 
of examinations of third parties under supervision of the licensee or his/her representative provided that
the licensee is an accredited VE (Volunteer Examiner) according to the terms of the Part 97 of the
FCC rules governing the Amateur Radio Service.

Permission is hereby granted for registered copies of NuTest to be used as a teaching aid
for third parties under supervision of the licensee  provided that the licensee is an accredited
VE (Volunteer Examiner) according to the terms of the Part 97 of the FCC rules governing the
Amateur Radio Service.</EULA>
</Permissions>
<ZDNET>
    <ZDNET_FORM>Y</ZDNET_FORM>
    <ZDNET_Product_ID_Code />
</ZDNET>
<MSN>
    <MSN_FORM>Y</MSN_FORM>
    <MSN_IS_32bit>Y</MSN_IS_32bit>
</MSN>
<ASP>
    <ASP_FORM>Y</ASP_FORM>
    <ASP_Member>Y</ASP_Member>
    <ASP_Member_Number>02977</ASP_Member_Number>
</ASP>
<Simtel>
    <Simtel_Email />
    <Simtel_FORM>Y</Simtel_FORM>
    <Simtel_DOS_Category>Select - MS-DOS Platform</Simtel_DOS_Category>
    <Simtel_Win31_Category>Select - Win3 Platform</Simtel_Win31_Category>
    <Simtel_WinXX_Category>Select - Win95/98/2000 Platform</Simtel_WinXX_Category>
    <Simtel_Category>Select - New Categories</Simtel_Category>
    <SIMTEL_FORM_VER>1.03 04/09/2001</SIMTEL_FORM_VER>
</Simtel>
</XML_DIZ_INFO>
