<?xml version="1.0" encoding="Windows-1252" ?>
<XML_DIZ_INFO>
<MASTER_PAD_VERSION_INFO>
    <MASTER_PAD_VERSION>1.10</MASTER_PAD_VERSION>
    <MASTER_PAD_INFO>Portable Application Description, or PAD for short, is a data set that is used by shareware authors to disseminate information to anyone interested in their software products. To find out more go to http://www.asp-shareware.org/pad</MASTER_PAD_INFO>
</MASTER_PAD_VERSION_INFO>
<Company_Info>
        <Company_Name>Optimal Designs Enterprise</Company_Name>
        <Address_1>PO Box 3128</Address_1>
        <Address_2 />
        <City_Town>Walnut Creek</City_Town>
        <State_Province>CA</State_Province>
        <Zip_Postal_Code>94598-1014</Zip_Postal_Code>
        <Country>USA</Country>
        <Company_WebSite_URL>http://www.Lanset.com/ecb/</Company_WebSite_URL>
<Contact_Info>
        <Author_First_Name>Phil</Author_First_Name>
        <Author_Last_Name>Brubaker</Author_Last_Name>
        <Author_Email>opt-designs@Lanset.com</Author_Email>
        <Contact_First_Name>Phil</Contact_First_Name>
        <Contact_Last_Name>Brubaker</Contact_Last_Name>
        <Contact_Email>opt-designs@Lanset.com</Contact_Email>
    </Contact_Info>
<Support_Info>
        <Sales_Email>opt-designs@Lanset.com</Sales_Email>
        <Support_Email>opt-designs@Lanset.com</Support_Email>
        <General_Email>opt-designs@Lanset.com</General_Email>
        <Sales_Phone>925/945-6439</Sales_Phone>
        <Support_Phone>925/945-6439</Support_Phone>
        <General_Phone>925/945-6439</General_Phone>
        <Fax_Phone />
    </Support_Info>
</Company_Info>
<Program_Info>
        <Program_Name>Robot4</Program_Name>
        <Program_Version>0.14</Program_Version>
        <Program_Release_Month>11</Program_Release_Month>
        <Program_Release_Day>29</Program_Release_Day>
        <Program_Release_Year>2001</Program_Release_Year>
        <Program_Cost_Dollars>0</Program_Cost_Dollars>
        <Program_Cost_Other>US$0</Program_Cost_Other>
        <Program_Type>Shareware</Program_Type>
        <Program_Release_Status>Alpha</Program_Release_Status>
        <Program_Install_Support>Install Only</Program_Install_Support>
        <Program_OS_Support>Win 3.1x,Win95,Win98</Program_OS_Support>
        <Program_Language>English</Program_Language>
        <Program_Change_Info>added re-start feature</Program_Change_Info>
        <Program_System_Requirements>Win 3.1x/95/98 with 16-bit DOS Platform, 2 MB HD</Program_System_Requirements>
        <Program_Specific_Category>Education</Program_Specific_Category>
        <Program_Categories>Math, Science, or Education</Program_Categories>
<File_Info>
        <Filename_Versioned>rob4-014.zip</Filename_Versioned>
        <Filename_Previous>rob4-010.zip</Filename_Previous>
        <Filename_Generic>rob4-.zip</Filename_Generic>
        <Filename_Long>robot4.zip</Filename_Long>
        <File_Size_Bytes>1,304,953</File_Size_Bytes>
        <File_Size_K>1,305</File_Size_K>
        <File_Size_MB>1.3</File_Size_MB>
    </File_Info>
<Expire_Info>
        <Has_Expire_Info>N</Has_Expire_Info>
        <Expire_Count />
        <Expire_Based_On>Days</Expire_Based_On>
        <Expire_Other_Info />
        <Expire_Month />
        <Expire_Day />
        <Expire_Year />
    </Expire_Info>
        <Includes_JAVA_VM>N</Includes_JAVA_VM>
        <Includes_VB_Runtime>N</Includes_VB_Runtime>
        <Includes_DirectX>N</Includes_DirectX>
</Program_Info>
<Program_Descriptions>
<English>
        <Keywords>Robotics, Mathematics, Modeling, Movement, Engineering, Teaching, Calculus</Keywords>
        <Char_Desc_45>Robot4  is a Robotic Arm Movement program</Char_Desc_45>
        <Char_Desc_80>Robot4  is a Robotic Arm Movement program; finds angles</Char_Desc_80>
        <Char_Desc_250>Robot4  is a Robotic Arm Movement program where the arm is moved from a given position to a desired position.  The program finds the angles necessary for the desired position. (I think this is the idea!)   Problem came from NASA.</Char_Desc_250>
        <Char_Desc_450>Robot4  is a Robotic Arm Movement program where the arm is moved from a given position to a desired position.  The program finds the angles necessary for the desired position. (I think this is the idea!)   Problem came from NASA.</Char_Desc_450>
        <Char_Desc_2000>Robot4  is a Robotic Arm Movement program where the arm is moved from a given position to a desired position.  The program finds the angles necessary for the desired position. (I think this is the idea!)   Problem came from NASA.</Char_Desc_2000>
</English>
</Program_Descriptions>
<Web_Info>
<Application_URLs>
        <Application_Info_URL>http://www.Lanset.com/ecb/robot4.htm</Application_Info_URL>
        <Application_Order_URL />
        <Application_Screenshot_URL />
        <Application_Icon_URL />
        <Application_XML_File_URL>http://www.Lanset.com/ecb/rob4-014.zip.xml</Application_XML_File_URL>
    </Application_URLs>
<Download_URLs>
        <Primary_Download_URL>http://www.simtel.net/pub/dl/55290.shtml</Primary_Download_URL>
        <Secondary_Download_URL />
        <Additional_Download_URL_1 />
        <Additional_Download_URL_2 />
    </Download_URLs>
</Web_Info>
<Permissions>
        <Distribution_Permissions>You may include this program on any CD compilation.
You may -not- sell this evaluation copy.
You must disclose that this is shareware and that this product is not free.</Distribution_Permissions>
        <EULA>You are required to license one copy of the software for each computer on which it is used; 
the fee for a license depends on the total number of copies you will use at one site.

You may not make copies of this program for sale or distribution.

This software is copyrighted and all rights therein are reserved for Optimal Designs Enterprise.</EULA>
</Permissions>
<ASP>
    <ASP_FORM>Y</ASP_FORM>
    <ASP_Member>N</ASP_Member>
    <ASP_Member_Number />
</ASP>
<Simtel.Net>
    <Simtel.net_FORM>Y</Simtel.net_FORM>
    <Simtel.Net_DOS_Category>Select - MS-DOS Platform</Simtel.Net_DOS_Category>
    <Simtel.Net_Win31_Category>Education - math Math-related Programs</Simtel.Net_Win31_Category>
    <Simtel.Net_WinXX_Category>Select - Win95/98/2000 Platform</Simtel.Net_WinXX_Category>
    <Simtel.Net_Category>Education - Math</Simtel.Net_Category>
    <Simtel.Net_FTPCDROM_DISTRIBUTE_ON_CDROM>Y</Simtel.Net_FTPCDROM_DISTRIBUTE_ON_CDROM>
</Simtel.Net>
</XML_DIZ_INFO>
